year,domestic_fleet_landings_change,domestic_fleet_landings_change_lower,domestic_fleet_landings_change_upper,domestic_fleet_landings_pred,domestic_fleet_landings_lower,domestic_fleet_landings_upper,area_name
2013,0,-0.388366144,0.388366144,544649,333125.7681,756172.2319,Angola
2014,0,-0.38528191,0.38528191,544649,204778.4358,1047511.714,Angola
2015,0,-0.382562477,0.382562477,544649,126437.8901,1448250.39,Angola
2016,0,-0.379678577,0.379678577,544649,78432.13191,1998120.038,Angola
2017,0,-0.376900422,0.376900422,544649,48871.02831,2751212.322,Angola
2018,0,-0.374280809,0.374280809,544649,30579.54029,3780938.297,Angola
2019,0,-0.37224774,0.37224774,544649,19196.37554,5188384.031,Angola
2013,0.047550082,-0.107826665,0.20292683,71075.87208,60533.61923,81618.12492,Benin
2014,0.058713435,-0.095769117,0.213195987,75248.98068,54736.36799,99018.7816,Benin
2015,0.006768079,-0.148151211,0.161687368,75758.2717,46627.10881,115028.8678,Benin
2016,-0.026266967,-0.179980919,0.127446985,73768.33168,38235.11892,129688.9502,Benin
2017,-0.044403178,-0.197023515,0.108217159,70492.78332,30701.90141,143723.5198,Benin
2018,-0.026011136,-0.178049437,0.126027166,68659.18596,25235.44514,161836.5877,Benin
2019,0.014000149,-0.137275494,0.165275793,69620.42481,21771.23693,188584.2581,Benin
2013,0.005309002,-0.175171059,0.185789063,159452.5321,130826.505,188078.5592,Cameroon
2014,0.018739241,-0.160501034,0.197979515,162440.5514,109828.7157,225314.2611,Cameroon
2015,0.017187537,-0.160696256,0.195071329,165232.5044,92179.65231,269266.6134,Cameroon
2016,0.020966362,-0.155661441,0.197594166,168696.8289,77830.83476,322472.1252,Cameroon
2017,0.068376612,-0.109278481,0.246031706,180231.7465,69325.59934,401810.4922,Cameroon
2018,0.092041189,-0.086273214,0.270355592,196820.4908,63344.65704,510442.2058,Cameroon
2019,0.030639773,-0.146513971,0.207793516,202851.0258,54063.77983,616508.7863,Cameroon
2013,0.048357324,-0.351994907,0.448709555,38162.20093,23588.61811,52735.78375,Cape Verde
2014,-0.146541349,-0.564411162,0.271328463,32569.86051,10274.93875,67044.50293,Cape Verde
2015,0.096408516,-0.321740027,0.514557058,35709.87242,6969.079674,101542.7251,Cape Verde
2016,0.062615766,-0.36807599,0.493307522,37945.87341,4403.92877,151634.5152,Cape Verde
2017,0.044700338,-0.3880916,0.477492276,39642.06678,2694.801008,224038.8249,Cape Verde
2018,0.043698308,-0.391117699,0.478514315,41374.35801,1640.816637,331244.6098,Cape Verde
2019,-0.036499212,-0.469447754,0.39644933,39864.22654,870.538952,462566.3133,Cape Verde
2013,-0.00983235,-0.119152495,0.099487794,11909.98983,10595.05916,13224.9205,Congo
2014,-0.010009822,-0.118472798,0.098453155,11790.77296,9339.832856,14526.95565,Congo
2015,-0.010193904,-0.117820291,0.097432483,11670.57895,8239.411026,15942.35301,Congo
2016,-0.010384289,-0.117194304,0.096425727,11549.38829,7273.798985,17479.60599,Congo
2017,-0.001446317,-0.107461668,0.104569035,11532.68422,6492.144413,19307.43152,Congo
2018,-0.001450247,-0.106671495,0.103771001,11515.95898,5799.61766,21310.98302,Congo
2019,-0.024783968,-0.129677547,0.080109611,11230.54782,5047.537469,23018.19759,Congo
2013,0.071675499,-0.153914256,0.297265255,57395.16375,45313.37131,69476.9562,Democratic Republic of the Congo
2014,0.048755781,-0.176217223,0.273728784,60193.50977,37328.37487,88494.79894,Democratic Republic of the Congo
2015,0.006526767,-0.21745821,0.230511745,60586.3788,29211.01327,108893.8895,Democratic Republic of the Congo
2016,-0.031453237,-0.254435362,0.191528889,58680.7411,21778.69853,129750.2151,Democratic Republic of the Congo
2017,0.001262166,-0.229406081,0.231930413,58754.80592,16782.53265,159843.2361,Democratic Republic of the Congo
2018,0.087486342,-0.147295625,0.322268309,63895.04894,14310.53901,211355.6454,Democratic Republic of the Congo
2019,0.066572768,-0.166866805,0.30001234,68148.71919,11922.58509,274764.9472,Democratic Republic of the Congo
2013,-0.023594217,-0.185118585,0.13793015,11909.94219,9939.710231,13880.17415,Equatorial Guinea
2014,-0.009957434,-0.170216332,0.150301464,11791.34973,8247.809213,15966.38465,Equatorial Guinea
2015,-0.020592812,-0.180285135,0.13909951,11548.53268,6760.851817,18187.30094,Equatorial Guinea
2016,0.011384961,-0.147765302,0.170535224,11680.01227,5761.832504,21288.87637,Equatorial Guinea
2017,-0.00092607,-0.158906425,0.157054284,11669.19576,4846.240301,24632.38561,Equatorial Guinea
2018,-0.002964338,-0.159778071,0.153849395,11634.60432,4071.917375,28422.06324,Equatorial Guinea
2019,0.001456053,-0.154212425,0.157124531,11651.54491,3443.97712,32887.86659,Equatorial Guinea
2013,-0.026150755,-0.240860226,0.188558715,54691.43065,42633.33421,66749.52708,Gabon
2014,-0.010226602,-0.242438965,0.22198576,54132.12314,32297.3528,81566.97161,Gabon
2015,0.041951564,-0.188423446,0.272326574,56403.05037,26211.77428,103779.8256,Gabon
2016,-0.047377294,-0.258354864,0.163600275,53730.82645,19439.8349,120758.2336,Gabon
2017,-0.057023995,-0.266531526,0.152483535,50666.88004,14258.50604,139171.8759,Gabon
2018,-0.058244779,-0.266286514,0.149796956,47715.79881,10461.65817,160019.3993,Gabon
2019,-0.073186965,-0.300816953,0.154443022,44223.6243,7314.614037,184733.279,Gabon
2013,0.114829276,-0.149385416,0.379043968,101759.857,77642.75684,125876.9571,Gambia
2014,0.062492705,-0.198957227,0.323942636,108119.1056,62195.16922,166653.8704,Gambia
2015,0.073429165,-0.187710878,0.334569208,116058.2013,50520.45942,222411.1238,Gambia
2016,0.039289878,-0.220544094,0.299123849,120618.1138,39378.47047,288939.5952,Gambia
2017,0.09346281,-0.162186371,0.34911199,131891.4216,32991.81925,389811.8724,Gambia
2018,0.078567284,-0.179613209,0.336747778,142253.7724,27066.05271,521080.1542,Gambia
2019,0.016189045,-0.2458284,0.27820649,144556.7252,20412.44827,666048.0351,Gambia
2013,0,-0.353831219,0.353831219,463085.6563,299231.4941,626939.8184,Ghana
2014,0,-0.351145641,0.351145641,463085.6563,194157.6593,847087.0028,Ghana
2015,0,-0.348551553,0.348551553,463085.6563,126483.7057,1142340.493,Ghana
2016,0,-0.346331264,0.346331264,463085.6563,82678.44402,1537968.72,Ghana
2017,0,-0.343727407,0.343727407,463085.6563,54259.59686,2066610.719,Ghana
2018,0,-0.341194064,0.341194064,463085.6563,35746.54448,2771726.03,Ghana
2019,0,-0.33868702,0.33868702,463085.6563,23639.65386,3710473.659,Ghana
2013,0.096035869,0.006400522,0.185671216,362395.0465,332757.8726,392032.2204,Guinea
2014,0.051902284,-0.037344462,0.14114903,381204.1771,320331.2088,447367.1882,Guinea
2015,0.026468479,-0.062235016,0.115171975,391294.072,300395.3908,498891.3507,Guinea
2016,0.152162352,0.064147304,0.240177401,450834.2985,319664.9451,618713.7788,Guinea
2017,0.015732033,-0.085452934,0.116917001,457926.8387,292348.6376,691051.9383,Guinea
2018,0.111462854,-0.007058515,0.229984222,508968.671,290285.0905,849982.9807,Guinea
2019,0.060952967,-0.056697914,0.178603848,539991.8216,273826.5314,1001793.212,Guinea
2013,-1.61E-19,-0.10757822,0.10757822,33820.53516,30182.18217,37458.88814,Guinea-Bissau
2014,0,-0.106720895,0.106720895,33820.53516,26961.11268,41456.53421,Guinea-Bissau
2015,0.005619818,-0.100328654,0.111568289,34010.6004,24256.14054,46081.76881,Guinea-Bissau
2016,-0.010734708,-0.116203541,0.094734126,33645.50655,21437.49112,50447.28489,Guinea-Bissau
2017,0,-0.104699527,0.104699527,33645.50655,19192.99595,55729.09174,Guinea-Bissau
2018,0,-0.103915138,0.103915138,33645.50655,17198.55312,61520.18801,Guinea-Bissau
2019,0,-0.103148115,0.103148115,33645.50655,15424.55477,67865.87947,Guinea-Bissau
2013,-0.041978959,-0.187509051,0.103551134,76750.29145,65091.38572,88409.19719,Ivory Coast
2014,-0.043288093,-0.189890877,0.103314691,73427.91772,52731.1254,97543.16612,Ivory Coast
2015,-0.028813809,-0.175462648,0.117835029,71312.17971,43478.78252,109037.168,Ivory Coast
2016,-0.029451718,-0.17450298,0.115599544,69211.9135,35891.60541,121641.8149,Ivory Coast
2017,-0.031639785,-0.17624674,0.11296717,67022.06344,29565.82694,135383.3465,Ivory Coast
2018,-0.036073598,-0.180075976,0.10792878,64604.33645,24241.7318,149995.1059,Ivory Coast
2019,-0.032205459,-0.179814371,0.115403454,62523.72416,19882.72004,167305.0591,Ivory Coast
2013,0.008391191,-0.292446866,0.309229249,27338.98596,19182.81849,35495.15344,Liberia
2014,0.009484348,-0.289012594,0.307981289,27598.27841,13638.74236,46426.99655,Liberia
2015,0.000956165,-0.295203558,0.297115888,27624.66693,9612.537097,60221.19486,Liberia
2016,-0.003288574,-0.297175772,0.290598624,27533.82117,6755.923967,77721.39122,Liberia
2017,0.020152855,-0.25602009,0.2963258,28088.70627,5026.271708,100752.2446,Liberia
2018,-0.026364983,-0.301013646,0.248283681,27348.14802,3513.295333,125767.3828,Liberia
2019,0.023383007,-0.264946214,0.311712229,27987.62997,2582.461036,164970.614,Liberia
2013,-0.009107237,-0.500377971,0.482163497,502333.8603,253283.7777,751383.943,Mauritania
2014,0.002539943,-0.484820014,0.4898999,503609.7596,130486.733,1119486.861,Mauritania
2015,0.076570449,-0.41154214,0.564683037,542171.3848,76785.9437,1751642.102,Mauritania
2016,-0.045436607,-0.52299387,0.432120657,517536.9568,36627.36581,2508562.838,Mauritania
2017,0.12049795,-0.377815565,0.618811465,579899.0991,22788.97689,4060890.282,Mauritania
2018,-0.0008972,-0.4954799,0.493685499,579378.8133,11497.4969,6065692.927,Mauritania
2019,0.052286899,-0.441836378,0.546410176,609672.7348,6417.484514,9380049.269,Mauritania
2013,0,-0.225347087,0.225347087,1542440.125,1194855.736,1890024.514,Morocco
2014,0,-0.224364816,0.224364816,1542440.125,926772.1493,2314079.515,Morocco
2015,0,-0.223345491,0.223345491,1542440.125,719781.7687,2830918.741,Morocco
2016,0,-0.221654924,0.221654924,1542440.125,560238.5953,3458405.82,Morocco
2017,0,-0.219971658,0.219971658,1542440.125,437001.9824,4219157.083,Morocco
2018,0,-0.218323907,0.218323907,1542440.125,341594.0023,5140299.94,Morocco
2019,0,-0.216713457,0.216713457,1542440.125,267565.9852,6254272.111,Morocco
2013,0,-3.622832207,3.622832207,543738.4375,-1426134.686,2513611.561,Namibia
2014,0,-3.593973674,3.593973674,543738.4375,3699355.832,11547465.34,Namibia
2015,0,-3.565843263,3.565843263,543738.4375,-9491967.239,52723916.83,Namibia
2016,0,-3.538453147,3.538453147,543738.4375,24094914.11,239285026.2,Namibia
2017,0,-3.51154591,3.51154591,543738.4375,-60515482.98,1079545381,Namibia
2018,0,-3.4852507,3.4852507,543738.4375,150396146.4,4842031678,Namibia
2019,0,-3.459528962,3.459528962,543738.4375,-369903677.9,21593180502,Namibia
2013,-0.003933241,-0.233491263,0.225624781,468122.3041,360236.734,576007.8742,Nigeria
2014,-0.002656294,-0.230466795,0.225154207,466878.8336,277214.1283,705698.4706,Nigeria
2015,0.015582405,-0.2107006,0.241865409,474153.9286,218804.9452,876382.5201,Nigeria
2016,-0.006510621,-0.231335983,0.218314742,471066.8923,168187.488,1067709.744,Nigeria
2017,-0.012647597,-0.236121207,0.210826012,465109.0279,128474.8553,1292810.732,Nigeria
2018,0.091015842,-0.144064582,0.326096265,507441.3175,109966.1791,1714391.483,Nigeria
2019,0.004038221,-0.230652599,0.238729041,509490.4778,84602.19405,2123666.518,Nigeria
2013,-0.028313969,-0.207384128,0.150756191,8611.275188,7024.319761,10198.23061,Sao Tome and Principe
2014,-0.036567136,-0.216548376,0.143414104,8296.385519,5503.214726,11660.80072,Sao Tome and Principe
2015,-0.060934587,-0.232707967,0.110838792,7790.848692,4222.572817,12953.26979,Sao Tome and Principe
2016,0,-0.191345231,0.191345231,7790.848692,3414.603645,15431.8162,Sao Tome and Principe
2017,0,-0.189896866,0.189896866,7790.848692,2766.181115,18362.26973,Sao Tome and Principe
2018,0,-0.189293609,0.189293609,7790.848692,2242.560709,21838.13003,Sao Tome and Principe
2019,0,-0.198734303,0.198734303,7790.848692,1796.886968,26178.11559,Sao Tome and Principe
2013,0.009100768,-0.221572014,0.23977355,1045628.386,806605.6678,1284651.105,Senegal
2014,-0.00722826,-0.237158812,0.222702292,1038070.313,615312.0261,1570745.85,Senegal
2015,-0.007958873,-0.236134797,0.220217051,1029808.443,470015.4456,1916650.869,Senegal
2016,-0.030047168,-0.247794337,0.1877,998865.615,353548.28,2276406.237,Senegal
2017,0.019354429,-0.203207957,0.241916816,1018198.089,281704.4563,2827107.185,Senegal
2018,0.025040696,-0.195921841,0.246003234,1043694.478,226512.4005,3522584.694,Senegal
2019,0.029894789,-0.186309436,0.246099013,1074895.504,184311.003,4389489.312,Senegal
2013,-0.040664564,-0.188411554,0.107082426,261108.4714,220895.2267,301321.7161,Sierra Leone
2014,0.004725578,-0.142966811,0.152417967,262342.3597,189314.5405,347248.5593,Sierra Leone
2015,0.044968212,-0.101564978,0.191501401,274139.4265,170086.8133,413747.145,Sierra Leone
2016,0.018677661,-0.126721749,0.16407707,279259.7096,148533.1149,481633.5643,Sierra Leone
2017,-0.004160787,-0.148531539,0.140209966,278097.7696,126471.2627,549163.39,Sierra Leone
2018,-0.003373018,-0.146663567,0.139917531,277159.7407,107922.5362,626000.9754,Sierra Leone
2019,-0.002522742,-0.144764208,0.139718725,276460.5383,92299.21567,713465.0334,Sierra Leone
2013,0.051650375,-0.061792418,0.165093168,19972.21681,17817.78972,22126.6439,Togo
2014,-0.065593052,-0.179654493,0.048468389,18662.17816,14616.74374,23199.08669,Togo
2015,-0.05700552,-0.168532372,0.054521333,17598.331,12153.34925,24463.93182,Togo
2016,-0.145332382,-0.261850112,-0.028814652,15040.72363,8970.993382,23759.01214,Togo
2017,0,-0.173907297,0.173907297,15040.72363,7410.872169,27890.87772,Togo
2018,0.038389278,-0.135607169,0.212385725,15618.12615,6405.904774,33814.502,Togo
2019,0.020406027,-0.154856966,0.19566902,15936.83005,5413.905797,40430.95246,Togo